frame_id,perturbation,level,yaw_deg,ty_m,n_points,inside_fov,inside_fov_pct,n_objects,object_points,aligned_object_points,alignment_pct,near_object_points,near_aligned_points,near_alignment_pct,mid_object_points,mid_aligned_points,mid_alignment_pct,far_object_points,far_aligned_points,far_alignment_pct
000001,baseline,0.0,0.0,0.0,120268,18630,15.490404762696643,3,97,97,100.0,0,0,nan,0,0,nan,97,97,100.0
000001,yaw,0.5,0.5,0.0,120268,18629,15.489573286327202,3,97,72,74.22680412371135,0,0,nan,0,0,nan,97,72,74.22680412371135
000001,yaw,1.0,1.0,0.0,120268,18630,15.490404762696643,3,97,41,42.2680412371134,0,0,nan,0,0,nan,97,41,42.2680412371134
000001,yaw,2.0,2.0,0.0,120268,18633,15.49289919180497,3,97,7,7.216494845360825,0,0,nan,0,0,nan,97,7,7.216494845360825
000001,yaw,3.0,3.0,0.0,120268,18635,15.494562144543853,3,97,0,0.0,0,0,nan,0,0,nan,97,0,0.0
000001,translation_y,0.02,0.0,0.02,120268,18637,15.496225097282736,3,97,97,100.0,0,0,nan,0,0,nan,97,97,100.0
000001,translation_y,0.05,0.0,0.05,120268,18650,15.507034290085477,3,97,96,98.96907216494846,0,0,nan,0,0,nan,97,96,98.96907216494846
000001,translation_y,0.1,0.0,0.1,120268,18659,15.51451757741045,3,97,94,96.90721649484536,0,0,nan,0,0,nan,97,94,96.90721649484536
000004,baseline,0.0,0.0,0.0,115976,19063,16.437021452714355,2,103,103,100.0,0,0,nan,77,77,100.0,26,26,100.0
000004,yaw,0.5,0.5,0.0,115976,19053,16.428398979099125,2,103,97,94.1747572815534,0,0,nan,77,75,97.40259740259741,26,22,84.61538461538461
000004,yaw,1.0,1.0,0.0,115976,19032,16.41029178450714,2,103,82,79.6116504854369,0,0,nan,77,65,84.41558441558442,26,17,65.38461538461539
000004,yaw,2.0,2.0,0.0,115976,18975,16.361143684900323,2,103,56,54.36893203883495,0,0,nan,77,47,61.03896103896104,26,9,34.61538461538461
000004,yaw,3.0,3.0,0.0,115976,18965,16.352521211285094,2,103,21,20.388349514563107,0,0,nan,77,21,27.272727272727273,26,0,0.0
000004,translation_y,0.02,0.0,0.02,115976,19073,16.445643926329584,2,103,103,100.0,0,0,nan,77,77,100.0,26,26,100.0
000004,translation_y,0.05,0.0,0.05,115976,19075,16.44736842105263,2,103,103,100.0,0,0,nan,77,77,100.0,26,26,100.0
000004,translation_y,0.1,0.0,0.1,115976,19069,16.442194936883492,2,103,103,100.0,0,0,nan,77,77,100.0,26,26,100.0
000007,baseline,0.0,0.0,0.0,122798,19423,15.817032850697894,4,240,240,100.0,0,0,nan,216,216,100.0,24,24,100.0
000007,yaw,0.5,0.5,0.0,122798,19433,15.825176305803026,4,240,212,88.33333333333333,0,0,nan,216,196,90.74074074074075,24,16,66.66666666666667
000007,yaw,1.0,1.0,0.0,122798,19388,15.788530757829932,4,240,172,71.66666666666667,0,0,nan,216,161,74.53703703703704,24,11,45.833333333333336
000007,yaw,2.0,2.0,0.0,122798,19236,15.664750240231925,4,240,99,41.25,0,0,nan,216,98,45.370370370370374,24,1,4.166666666666667
000007,yaw,3.0,3.0,0.0,122798,19268,15.690809296568348,4,240,42,17.5,0,0,nan,216,42,19.444444444444443,24,0,0.0
000007,translation_y,0.02,0.0,0.02,122798,19436,15.827619342334566,4,240,240,100.0,0,0,nan,216,216,100.0,24,24,100.0
000007,translation_y,0.05,0.0,0.05,122798,19445,15.834948451929185,4,240,239,99.58333333333333,0,0,nan,216,216,100.0,24,23,95.83333333333333
000007,translation_y,0.1,0.0,0.1,122798,19449,15.838205833971237,4,240,234,97.5,0,0,nan,216,211,97.68518518518519,24,23,95.83333333333333
000008,baseline,0.0,0.0,0.0,122555,17238,14.065521602545795,6,10103,5108,50.55923982975354,10050,5055,50.298507462686565,53,53,100.0,0,0,nan
000008,yaw,0.5,0.5,0.0,122555,17281,14.10060789033495,6,10103,5082,50.30189052756607,10050,5034,50.08955223880597,53,48,90.56603773584905,0,0,nan
000008,yaw,1.0,1.0,0.0,122555,17316,14.129166496674962,6,10103,5001,49.50014847075126,10050,4961,49.36318407960199,53,40,75.47169811320755,0,0,nan
000008,yaw,2.0,2.0,0.0,122555,17384,14.184651788992698,6,10103,4748,46.995941799465506,10050,4731,47.07462686567164,53,17,32.075471698113205,0,0,nan
000008,yaw,3.0,3.0,0.0,122555,17436,14.227081718412142,6,10103,4497,44.51153122834801,10050,4494,44.71641791044776,53,3,5.660377358490566,0,0,nan
000008,translation_y,0.02,0.0,0.02,122555,17234,14.062257761821224,6,10103,5102,50.49985152924874,10050,5049,50.23880597014925,53,53,100.0,0,0,nan
000008,translation_y,0.05,0.0,0.05,122555,17228,14.057362000734365,6,10103,5090,50.38107492823914,10050,5037,50.11940298507463,53,53,100.0,0,0,nan
000008,translation_y,0.1,0.0,0.1,122555,17205,14.038594916568071,6,10103,5056,50.0445412253786,10050,5003,49.78109452736319,53,53,100.0,0,0,nan
000009,baseline,0.0,0.0,0.0,123928,19411,15.663126976954361,3,224,224,100.0,0,0,nan,219,219,100.0,5,5,100.0
000009,yaw,0.5,0.5,0.0,123928,19412,15.663933897101543,3,224,207,92.41071428571429,0,0,nan,219,203,92.69406392694064,5,4,80.0
000009,yaw,1.0,1.0,0.0,123928,19395,15.650216254599444,3,224,181,80.80357142857143,0,0,nan,219,180,82.1917808219178,5,1,20.0
000009,yaw,2.0,2.0,0.0,123928,19381,15.638919372538894,3,224,120,53.57142857142857,0,0,nan,219,120,54.794520547945204,5,0,0.0
000009,yaw,3.0,3.0,0.0,123928,19381,15.638919372538894,3,224,66,29.464285714285715,0,0,nan,219,66,30.136986301369863,5,0,0.0
000009,translation_y,0.02,0.0,0.02,123928,19413,15.664740817248726,3,224,224,100.0,0,0,nan,219,219,100.0,5,5,100.0
000009,translation_y,0.05,0.0,0.05,123928,19410,15.662320056807179,3,224,224,100.0,0,0,nan,219,219,100.0,5,5,100.0
000009,translation_y,0.1,0.0,0.1,123928,19402,15.65586469562972,3,224,222,99.10714285714286,0,0,nan,219,217,99.08675799086758,5,5,100.0
000010,baseline,0.0,0.0,0.0,115875,16464,14.2084142394822,9,3426,2058,60.07005253940455,3001,1633,54.41519493502166,405,405,100.0,20,20,100.0
000010,yaw,0.5,0.5,0.0,115875,16412,14.16353829557713,9,3426,2068,60.36193812025686,3001,1654,55.114961679440185,405,394,97.28395061728395,20,20,100.0
000010,yaw,1.0,1.0,0.0,115875,16369,14.126429341963323,9,3426,2011,58.69819030939872,3001,1653,55.08163945351549,405,341,84.19753086419753,20,17,85.0
000010,yaw,2.0,2.0,0.0,115875,16299,14.066019417475728,9,3426,1876,54.75773496789259,3001,1619,53.948683772075974,405,252,62.22222222222222,20,5,25.0
000010,yaw,3.0,3.0,0.0,115875,16271,14.04185544768069,9,3426,1725,50.350262697022764,3001,1555,51.8160613128957,405,168,41.48148148148148,20,2,10.0
000010,translation_y,0.02,0.0,0.02,115875,16457,14.20237324703344,9,3426,2063,60.215995329830704,3001,1638,54.58180606464512,405,405,100.0,20,20,100.0
000010,translation_y,0.05,0.0,0.05,115875,16454,14.199784250269687,9,3426,2071,60.44950379451255,3001,1646,54.84838387204265,405,405,100.0,20,20,100.0
000010,translation_y,0.1,0.0,0.1,115875,16436,14.184250269687164,9,3426,2084,60.828955049620546,3001,1659,55.28157280906365,405,405,100.0,20,20,100.0
000011,baseline,0.0,0.0,0.0,108004,19946,18.467834524647234,6,3766,721,19.144981412639407,3518,473,13.445139283683911,248,248,100.0,0,0,nan
000011,yaw,0.5,0.5,0.0,108004,19946,18.467834524647234,6,3766,634,16.834838024429104,3518,414,11.768050028425241,248,220,88.70967741935483,0,0,nan
000011,yaw,1.0,1.0,0.0,108004,19952,18.473389874449094,6,3766,508,13.489113117365905,3518,327,9.295054007959068,248,181,72.98387096774194,0,0,nan
000011,yaw,2.0,2.0,0.0,108004,19963,18.48357468241917,6,3766,269,7.142857142857143,3518,142,4.036384309266629,248,127,51.20967741935484,0,0,nan
000011,yaw,3.0,3.0,0.0,108004,19948,18.46968630791452,6,3766,114,3.0270844397238448,3518,38,1.0801591813530416,248,76,30.64516129032258,0,0,nan
000011,translation_y,0.02,0.0,0.02,108004,19950,18.47153809118181,6,3766,714,18.95910780669145,3518,468,13.303013075611142,248,246,99.19354838709677,0,0,nan
000011,translation_y,0.05,0.0,0.05,108004,19939,18.461353283211732,6,3766,699,18.56080722251726,3518,453,12.876634451392837,248,246,99.19354838709677,0,0,nan
000011,translation_y,0.1,0.0,0.1,108004,19926,18.44931669197437,6,3766,669,17.76420605416888,3518,426,12.109152927799887,248,243,97.98387096774194,0,0,nan
000012,baseline,0.0,0.0,0.0,120007,18705,15.586590782204372,2,52,52,100.0,0,0,nan,0,0,nan,52,52,100.0
000012,yaw,0.5,0.5,0.0,120007,18688,15.57242494187839,2,52,48,92.3076923076923,0,0,nan,0,0,nan,52,48,92.3076923076923
000012,yaw,1.0,1.0,0.0,120007,18698,15.580757789128967,2,52,34,65.38461538461539,0,0,nan,0,0,nan,52,34,65.38461538461539
000012,yaw,2.0,2.0,0.0,120007,18699,15.581591073854025,2,52,5,9.615384615384615,0,0,nan,0,0,nan,52,5,9.615384615384615
000012,yaw,3.0,3.0,0.0,120007,18713,15.593257060004833,2,52,0,0.0,0,0,nan,0,0,nan,52,0,0.0
000012,translation_y,0.02,0.0,0.02,120007,18700,15.582424358579082,2,52,52,100.0,0,0,nan,0,0,nan,52,52,100.0
000012,translation_y,0.05,0.0,0.05,120007,18701,15.58325764330414,2,52,52,100.0,0,0,nan,0,0,nan,52,52,100.0
000012,translation_y,0.1,0.0,0.1,120007,18703,15.584924212754256,2,52,52,100.0,0,0,nan,0,0,nan,52,52,100.0
000015,baseline,0.0,0.0,0.0,122583,18334,14.956396890270266,5,6434,2182,33.91358408455083,6243,2008,32.16402370655134,191,174,91.09947643979058,0,0,nan
000015,yaw,0.5,0.5,0.0,122583,18379,14.993106711371071,5,6434,2042,31.737643767485235,6243,1942,31.10683966041967,191,100,52.35602094240838,0,0,nan
000015,yaw,1.0,1.0,0.0,122583,18441,15.043684687109959,5,6434,1881,29.235312402859808,6243,1858,29.76133269261573,191,23,12.041884816753926,0,0,nan
000015,yaw,2.0,2.0,0.0,122583,18470,15.067342127374921,5,6434,1673,26.00248678893379,6243,1673,26.79801377542848,191,0,0.0,0,0,nan
000015,yaw,3.0,3.0,0.0,122583,18540,15.12444629353173,5,6434,1538,23.904258626049113,6243,1538,24.635591862886432,191,0,0.0,0,0,nan
000015,translation_y,0.02,0.0,0.02,122583,18335,14.957212664072506,5,6434,2171,33.74261734535281,6243,1999,32.0198622457152,191,172,90.05235602094241,0,0,nan
000015,translation_y,0.05,0.0,0.05,122583,18345,14.965370402094907,5,6434,2145,33.33851414361206,6243,1983,31.763575204228736,191,162,84.81675392670157,0,0,nan
000015,translation_y,0.1,0.0,0.1,122583,18366,14.98250165194195,5,6434,2089,32.46813801678582,6243,1942,31.10683966041967,191,147,76.96335078534031,0,0,nan
000016,baseline,0.0,0.0,0.0,113070,17868,15.80260015919342,6,4109,3819,92.94232173278169,2051,1761,85.86055582642614,2024,2024,100.0,34,34,100.0
000016,yaw,0.5,0.5,0.0,113070,17872,15.806137790749094,6,4109,3742,91.06838646872718,2051,1706,83.17893710385178,2024,2010,99.30830039525692,34,26,76.47058823529412
000016,yaw,1.0,1.0,0.0,113070,17871,15.805253382860174,6,4109,3630,88.34266244828426,2051,1642,80.05850804485617,2024,1970,97.33201581027669,34,18,52.94117647058823
000016,yaw,2.0,2.0,0.0,113070,17883,15.815866277527196,6,4109,3411,83.01289851545388,2051,1516,73.91516333495856,2024,1894,93.57707509881423,34,1,2.9411764705882355
000016,yaw,3.0,3.0,0.0,113070,17899,15.83001680374989,6,4109,3200,77.87782915551229,2051,1397,68.1131155533886,2024,1803,89.08102766798419,34,0,0.0
000016,translation_y,0.02,0.0,0.02,113070,17869,15.803484567082338,6,4109,3808,92.67461669505963,2051,1750,85.32423208191126,2024,2024,100.0,34,34,100.0
000016,translation_y,0.05,0.0,0.05,113070,17855,15.791102856637481,6,4109,3784,92.09053297639328,2051,1726,84.15407118478791,2024,2024,100.0,34,34,100.0
000016,translation_y,0.1,0.0,0.1,113070,17841,15.778721146192623,6,4109,3743,91.09272329033828,2051,1685,82.15504631886884,2024,2024,100.0,34,34,100.0
000019,baseline,0.0,0.0,0.0,115697,18792,16.242426337761568,4,8995,6223,69.1828793774319,8870,6098,68.74859075535512,106,106,100.0,19,19,100.0
000019,yaw,0.5,0.5,0.0,115697,18828,16.27354209702931,4,8995,6113,67.95997776542524,8870,6001,67.65501691093574,106,99,93.39622641509433,19,13,68.42105263157895
000019,yaw,1.0,1.0,0.0,115697,18859,16.300336223065422,4,8995,5993,66.62590327959978,8870,5909,66.61781285231116,106,78,73.58490566037736,19,6,31.57894736842105
000019,yaw,2.0,2.0,0.0,115697,18912,16.34614553532071,4,8995,5691,63.268482490272376,8870,5649,63.686583990980836,106,42,39.62264150943396,19,0,0.0
000019,yaw,3.0,3.0,0.0,115697,18936,16.366889374832535,4,8995,5394,59.966648137854364,8870,5381,60.66516347237881,106,13,12.264150943396226,19,0,0.0
000019,translation_y,0.02,0.0,0.02,115697,18785,16.236376051237283,4,8995,6193,68.84936075597554,8870,6068,68.41037204058624,106,106,100.0,19,19,100.0
000019,translation_y,0.05,0.0,0.05,115697,18766,16.219953844957086,4,8995,6145,68.31573096164536,8870,6020,67.86922209695604,106,106,100.0,19,19,100.0
000019,translation_y,0.1,0.0,0.1,115697,18747,16.20353163867689,4,8995,6069,67.47081712062257,8870,5944,67.01240135287486,106,106,100.0,19,19,100.0
000021,baseline,0.0,0.0,0.0,125260,19824,15.826281334823568,8,3903,2595,66.48731744811683,2572,1264,49.14463452566096,1331,1331,100.0,0,0,nan
000021,yaw,0.5,0.5,0.0,125260,19818,15.821491298099952,8,3903,2643,67.71714066102997,2572,1317,51.20528771384137,1331,1326,99.62434259954921,0,0,nan
000021,yaw,1.0,1.0,0.0,125260,19827,15.828676353185374,8,3903,2622,67.17909300538048,2572,1357,52.76049766718507,1331,1265,95.04132231404958,0,0,nan
000021,yaw,2.0,2.0,0.0,125260,19841,15.839853105540476,8,3903,2561,65.61619267230336,2572,1405,54.62674961119751,1331,1156,86.85199098422238,0,0,nan
000021,yaw,3.0,3.0,0.0,125260,19863,15.857416573527063,8,3903,2384,61.08121957468614,2572,1417,55.09331259720062,1331,967,72.65214124718257,0,0,nan
000021,translation_y,0.02,0.0,0.02,125260,19838,15.837458087178668,8,3903,2618,67.07660773763772,2572,1287,50.03888024883359,1331,1331,100.0,0,0,nan
000021,translation_y,0.05,0.0,0.05,125260,19845,15.843046463356218,8,3903,2646,67.79400461183705,2572,1315,51.12752721617419,1331,1331,100.0,0,0,nan
000021,translation_y,0.1,0.0,0.1,125260,19874,15.866198307520358,8,3903,2691,68.94696387394312,2572,1360,52.87713841368585,1331,1331,100.0,0,0,nan
000023,baseline,0.0,0.0,0.0,120412,18587,15.436169152576156,3,107,107,100.0,0,0,nan,0,0,nan,107,107,100.0
000023,yaw,0.5,0.5,0.0,120412,18585,15.434508188552636,3,107,84,78.50467289719626,0,0,nan,0,0,nan,107,84,78.50467289719626
000023,yaw,1.0,1.0,0.0,120412,18583,15.432847224529116,3,107,50,46.728971962616825,0,0,nan,0,0,nan,107,50,46.728971962616825
000023,yaw,2.0,2.0,0.0,120412,18592,15.440321562634953,3,107,10,9.345794392523365,0,0,nan,0,0,nan,107,10,9.345794392523365
000023,yaw,3.0,3.0,0.0,120412,18594,15.441982526658473,3,107,0,0.0,0,0,nan,0,0,nan,107,0,0.0
000023,translation_y,0.02,0.0,0.02,120412,18592,15.440321562634953,3,107,107,100.0,0,0,nan,0,0,nan,107,107,100.0
000023,translation_y,0.05,0.0,0.05,120412,18606,15.451948310799589,3,107,107,100.0,0,0,nan,0,0,nan,107,107,100.0
000023,translation_y,0.1,0.0,0.1,120412,18616,15.460253130917184,3,107,105,98.13084112149532,0,0,nan,0,0,nan,107,105,98.13084112149532
000025,baseline,0.0,0.0,0.0,115780,17529,15.139920538953188,6,2865,1684,58.7783595113438,2756,1575,57.14804063860667,88,88,100.0,21,21,100.0
000025,yaw,0.5,0.5,0.0,115780,17534,15.144239074106062,6,2865,1651,57.62652705061082,2756,1576,57.18432510885341,88,70,79.54545454545455,21,5,23.80952380952381
000025,yaw,1.0,1.0,0.0,115780,17540,15.149421316289514,6,2865,1594,55.6369982547993,2756,1544,56.02322206095791,88,50,56.81818181818182,21,0,0.0
000025,yaw,2.0,2.0,0.0,115780,17541,15.15028502332009,6,2865,1428,49.84293193717277,2756,1403,50.90711175616836,88,25,28.40909090909091,21,0,0.0
000025,yaw,3.0,3.0,0.0,115780,17514,15.126964933494559,6,2865,1262,44.04886561954625,2756,1254,45.50072568940494,88,8,9.090909090909092,21,0,0.0
000025,translation_y,0.02,0.0,0.02,115780,17528,15.139056831922613,6,2865,1687,58.88307155322862,2756,1578,57.25689404934688,88,88,100.0,21,21,100.0
000025,translation_y,0.05,0.0,0.05,115780,17539,15.148557609258939,6,2865,1691,59.02268760907504,2756,1582,57.40203193033382,88,88,100.0,21,21,100.0
000025,translation_y,0.1,0.0,0.1,115780,17545,15.15373985144239,6,2865,1696,59.197207678883075,2756,1589,57.65602322206096,88,87,98.86363636363636,21,20,95.23809523809524
000031,baseline,0.0,0.0,0.0,121291,18896,15.579061925452011,6,3074,3074,100.0,2573,2573,100.0,469,469,100.0,32,32,100.0
000031,yaw,0.5,0.5,0.0,121291,18877,15.5633971193246,6,3074,3040,98.8939492517892,2573,2561,99.53361834434513,469,451,96.16204690831556,32,28,87.5
000031,yaw,1.0,1.0,0.0,121291,18837,15.530418580108995,6,3074,2941,95.67338972023423,2573,2508,97.47376603186942,469,414,88.27292110874201,32,19,59.375
000031,yaw,2.0,2.0,0.0,121291,18783,15.485897552167927,6,3074,2638,85.81652569941444,2573,2312,89.85619898950641,469,323,68.86993603411514,32,3,9.375
000031,yaw,3.0,3.0,0.0,121291,18731,15.443025451187639,6,3074,2343,76.21990891346779,2573,2105,81.81111542945978,469,238,50.74626865671642,32,0,0.0
000031,translation_y,0.02,0.0,0.02,121291,18897,15.579886388932403,6,3074,3074,100.0,2573,2573,100.0,469,469,100.0,32,32,100.0
000031,translation_y,0.05,0.0,0.05,121291,18893,15.576588535010842,6,3074,3073,99.96746909564087,2573,2572,99.96113486202876,469,469,100.0,32,32,100.0
000031,translation_y,0.1,0.0,0.1,121291,18894,15.577412998491232,6,3074,3063,99.64216005204945,2573,2564,99.65021375825884,469,467,99.57356076759062,32,32,100.0
000032,baseline,0.0,0.0,0.0,118661,19535,16.462864799723583,10,4987,4985,99.95989572889513,4071,4069,99.9508720216163,813,813,100.0,103,103,100.0
000032,yaw,0.5,0.5,0.0,118661,19547,16.472977642190777,10,4987,4963,99.51874874674152,4071,4059,99.70523212969786,813,812,99.8769987699877,103,92,89.32038834951456
000032,yaw,1.0,1.0,0.0,118661,19546,16.472134905318512,10,4987,4873,97.71405654702225,4071,4013,98.575288626873,813,792,97.41697416974169,103,68,66.01941747572816
000032,yaw,2.0,2.0,0.0,118661,19548,16.473820379063046,10,4987,4625,92.74112693001804,4071,3852,94.620486366986,813,750,92.25092250922509,103,23,22.33009708737864
000032,yaw,3.0,3.0,0.0,118661,19552,16.47719132655211,10,4987,4343,87.086424704231,4071,3636,89.31466470154753,813,707,86.96186961869618,103,0,0.0
000032,translation_y,0.02,0.0,0.02,118661,19534,16.462022062851315,10,4987,4985,99.95989572889513,4071,4069,99.9508720216163,813,813,100.0,103,103,100.0
000032,translation_y,0.05,0.0,0.05,118661,19529,16.457808378489982,10,4987,4985,99.95989572889513,4071,4069,99.9508720216163,813,813,100.0,103,103,100.0
000032,translation_y,0.1,0.0,0.1,118661,19531,16.459493852234516,10,4987,4982,99.89973932223782,4071,4066,99.87718005404078,813,813,100.0,103,103,100.0
000043,baseline,0.0,0.0,0.0,122591,19655,16.032987739719882,4,514,503,97.85992217898833,341,332,97.36070381231671,173,171,98.84393063583815,0,0,nan
000043,yaw,0.5,0.5,0.0,122591,19689,16.06072223898981,4,514,419,81.51750972762646,341,286,83.87096774193549,173,133,76.878612716763,0,0,nan
000043,yaw,1.0,1.0,0.0,122591,19713,16.080299532592115,4,514,252,49.02723735408561,341,192,56.3049853372434,173,60,34.68208092485549,0,0,nan
000043,yaw,2.0,2.0,0.0,122591,19769,16.125979884330825,4,514,17,3.307392996108949,341,16,4.69208211143695,173,1,0.5780346820809249,0,0,nan
000043,yaw,3.0,3.0,0.0,122591,19811,16.160240148134854,4,514,0,0.0,341,0,0.0,173,0,0.0,0,0,nan
000043,translation_y,0.02,0.0,0.02,122591,19653,16.031356298586356,4,514,502,97.66536964980544,341,330,96.7741935483871,173,172,99.42196531791907,0,0,nan
000043,translation_y,0.05,0.0,0.05,122591,19659,16.036250621986934,4,514,490,95.3307392996109,341,321,94.13489736070382,173,169,97.6878612716763,0,0,nan
000043,translation_y,0.1,0.0,0.1,122591,19671,16.046039268788086,4,514,460,89.49416342412451,341,300,87.97653958944281,173,160,92.48554913294798,0,0,nan
000048,baseline,0.0,0.0,0.0,122675,19820,16.156511106582432,4,402,370,92.03980099502488,361,329,91.13573407202216,41,41,100.0,0,0,nan
000048,yaw,0.5,0.5,0.0,122675,19841,16.173629508864888,4,402,286,71.14427860696517,361,249,68.97506925207756,41,37,90.2439024390244,0,0,nan
000048,yaw,1.0,1.0,0.0,122675,19852,16.18259629101284,4,402,142,35.32338308457712,361,124,34.34903047091413,41,18,43.90243902439025,0,0,nan
000048,yaw,2.0,2.0,0.0,122675,19883,16.207866313429793,4,402,2,0.4975124378109453,361,2,0.554016620498615,41,0,0.0,0,0,nan
000048,yaw,3.0,3.0,0.0,122675,19897,16.219278581618095,4,402,0,0.0,361,0,0.0,41,0,0.0,0,0,nan
000048,translation_y,0.02,0.0,0.02,122675,19827,16.162217240676583,4,402,363,90.29850746268657,361,322,89.19667590027701,41,41,100.0,0,0,nan
000048,translation_y,0.05,0.0,0.05,122675,19858,16.18748726309354,4,402,353,87.81094527363184,361,312,86.42659279778394,41,41,100.0,0,0,nan
000048,translation_y,0.1,0.0,0.1,122675,19898,16.220093743631548,4,402,326,81.09452736318408,361,285,78.94736842105263,41,41,100.0,0,0,nan
000049,baseline,0.0,0.0,0.0,113691,18093,15.914188458189303,18,4675,4523,96.74866310160428,3568,3421,95.88004484304933,1028,1023,99.5136186770428,79,79,100.0
000049,yaw,0.5,0.5,0.0,113691,18134,15.950251119261859,18,4675,4443,95.03743315508021,3568,3384,94.84304932735427,1028,980,95.3307392996109,79,79,100.0
000049,yaw,1.0,1.0,0.0,113691,18174,15.985434203235085,18,4675,4257,91.05882352941177,3568,3291,92.23654708520179,1028,890,86.57587548638132,79,76,96.20253164556962
000049,yaw,2.0,2.0,0.0,113691,18229,16.03381094369827,18,4675,3827,81.86096256684492,3568,3021,84.66928251121077,1028,737,71.69260700389106,79,69,87.34177215189874
000049,yaw,3.0,3.0,0.0,113691,18231,16.03557009789693,18,4675,3322,71.05882352941177,3568,2682,75.16816143497758,1028,581,56.51750972762646,79,59,74.68354430379746
000049,translation_y,0.02,0.0,0.02,113691,18094,15.915068035288634,18,4675,4512,96.51336898395722,3568,3411,95.59977578475336,1028,1022,99.41634241245136,79,79,100.0
000049,translation_y,0.05,0.0,0.05,113691,18103,15.922984229182608,18,4675,4503,96.32085561497327,3568,3402,95.347533632287,1028,1022,99.41634241245136,79,79,100.0
000049,translation_y,0.1,0.0,0.1,113691,18114,15.932659577275246,18,4675,4469,95.59358288770053,3568,3375,94.59080717488789,1028,1015,98.73540856031128,79,79,100.0
000061,baseline,0.0,0.0,0.0,125247,19791,15.801576085654746,5,1595,1262,79.12225705329153,1575,1242,78.85714285714286,6,6,100.0,14,14,100.0
000061,yaw,0.5,0.5,0.0,125247,19813,15.81914137663976,5,1595,1222,76.61442006269593,1575,1205,76.5079365079365,6,6,100.0,14,11,78.57142857142857
000061,yaw,1.0,1.0,0.0,125247,19825,15.828722444449767,5,1595,1150,72.10031347962382,1575,1137,72.19047619047619,6,4,66.66666666666667,14,9,64.28571428571429
000061,yaw,2.0,2.0,0.0,125247,19866,15.861457759467292,5,1595,981,61.504702194357364,1575,976,61.96825396825397,6,0,0.0,14,5,35.714285714285715
000061,yaw,3.0,3.0,0.0,125247,19899,15.887805695944813,5,1595,804,50.407523510971785,1575,804,51.04761904761905,6,0,0.0,14,0,0.0
000061,translation_y,0.02,0.0,0.02,125247,19792,15.802374507972246,5,1595,1257,78.80877742946709,1575,1237,78.53968253968254,6,6,100.0,14,14,100.0
000061,translation_y,0.05,0.0,0.05,125247,19797,15.80636661955975,5,1595,1250,78.36990595611286,1575,1230,78.0952380952381,6,6,100.0,14,14,100.0
000061,translation_y,0.1,0.0,0.1,125247,19803,15.811157153464753,5,1595,1239,77.68025078369907,1575,1219,77.39682539682539,6,6,100.0,14,14,100.0
